"","Constituency_No","NewCand","Party","pid.x","Votes.x","OldCand","Last_party","pid.y","Votes.y"
"1",1,"JOLLE SHASHIKALA ANNASAHEB","BJP","AEKE617",87006,"JOLLE SHASHIKALA ANNASAHEB","BJP","AEKR11927",81860
"2",2,"GANESH PRAKASH HUKKERI","INC","AEKE17720",91467,"PRAKASH BABANNA HUKKERI","INC","GEKR4518",102237
"3",3,"MAHESH IRANAGOUDA KUMATHALLI","INC","AEKE642",82094,"LAXMAN SANGAPPA SAVADI","BJP","AEKR10125",74299
"4",4,"SHRIMANT BALASAHEB PATIL","INC","GEKE17739",83060,"BHARAMGOUD ALAGOUD KAGE","BJP","AEKR2435",41784
"5",5,"P.RAJEEV","BJP","AEKE663",67781,"P.RAJEEV","BSRCP","AEKR11965",71057
"6",6,"AIHOLE DURYODHAN MAHALINGAPPA","BJP","AEKE17769",67502,"AIHOLE DURYODHAN MAHALINGAPPA","BJP","AEKR11973",37535
"7",7,"UMESH VISHWANATH KATTI","BJP","AEKE687",83588,"UMESH VISHWANATH KATTI","BJP","AEKR6194",81810
"8",8,"BALACHANDRA LAKSHMANARAO JARAKIHOLI","BJP","AEKE694",96144,"BALACHANDRA LAXMANRAO JARKIHOLI","BJP","AEKR11751",99283
"9",9,"JARKIHOLI RAMESH LAXMANRAO","INC","AEKE704",90249,"JARKIHOLI RAMESH LAXMANRAO","INC","AEKR10074",79175
"10",10,"SATISH. L. JARKIHOLI","INC","AEKE713",73512,"SATISH LAXMANARAO JARAKIHOLI","INC","AEKR12008",70726
"11",11,"ANIL S BENAKE","BJP","AEKE17810",79057,"FAIROZ NURUDDIN SAITH","INC","AEKR12017",45125
"12",12,"ABHAY PATIL","BJP","AEKE734",84498,"SAMBHAJI LAKSHMAN PATIL","IND","AEKR8593",54426
"13",13,"LAXMI R HEBBALKAR","INC","GEKE17836",102040,"SANJAY B PATIL","BJP","AEKR12049",38322
"14",14,"DR. ANJALI HEMANT NIMBALKAR","INC","AEKE757",36649,"ARVIND CHANDRAKANT PATIL","IND","AEKR12067",37055
"15",15,"DODDAGOUDAR MAHANTESH BASAVANTARAY","BJP","AEKE17857",73155,"INAMADAR DANAPPAGOUDA BASANAGOUDA","INC","AEKR6130",53924
"16",16,"KOUJALAGI. MAHANTESH. SHIVANAND.","INC","AEKE17867",47040,"DR|| VISHWANATH IRANAGOUDA PATIL","KJP","AEKR14331",40709
"17",17,"ANAND @ VISHWANATH CHANDRASHEKHAR MAMANI","BJP","AEKE789",62480,"ANAND ALIAS VISHWANATH CHANDRASHEKHAR MAMANI","BJP","AEKR12091",46434
"18",18,"MAHADEVAPPA SHIVALINGAPPA YADAWAD","BJP","AEKE800",68349,"ASHOK MAHADEVAPPA PATTAN","INC","AEKR11676",42310
"19",19,"GOVIND MAKTHAPPA KARAJOL","BJP","AEKE810",76431,"GOVIND.M.KARJOL","BJP","AEKR8723",64727
"20",20,"SIDDU SAVADI","BJP","AEKE816",87213,"Ramya","INC","AEKRBP544",484085
"21",20,"SIDDU SAVADI","BJP","AEKE816",87213,"UMASHREE","INC","AEKR12121",70189
"22",21,"SIDDU BHIMAPPA NYAMGOUD","INC","GEKE17910",49245,"SIDDU B. NYAMAGOUDA","INC","GEKR65814",49145
"23",22,"MURUGESH RUDRAPPA NIRANI","BJP","AEKE833",85135,"J . T. PATIL","INC","GEKR4558",66655
"24",23,"SIDDARAMAIAH","INC","AEKE3440",67599,"CHIMMANAKATTI BALAPPA BHIMAPPA","INC","AEKR1110",57446
"25",23,"SIDDARAMAIAH","INC","AEKE3440",67599,"D.K. Suresh","INC","AEKRBP557",578608
"26",24,"VEERABHADRAYYA (VEERANNA) CHARANTIMATH","BJP","GEKE17954",85653,"METI HULLAPPA YAMANAPPA","INC","GEKR55517",68216
"27",25,"DODDANAGOUDA G PATIL","BJP","AEKE861",65012,"KASHAPPANAVAR VIJAYANAND SHIVASHANKRAPPA","INC","AEKR12159",72720
"28",26,"AMEENAPPA GOUDA S PATIL (NADAHALLI)","BJP","AEKE3725",63512,"APPAJI URF CHANNABASAVARAJ SHANKARAO NADAGOUD","INC","AEKR6320",34747
"29",27,"SOMANAGOUDA B PATIL (SASANUR)","BJP","AEKE883",38802,"AMINAPPAGOUDA SANGANAGOUDA PATIL","INC","AEKR14430",36231
"30",28,"SHIVANAND PATIL","INC","AEKE895",58647,"SHIVANAND S PATIL","INC","AEKR14445",56329
"31",29,"MALLANAGOUD BASANAGOUD PATIL","INC","AEKE908",98339,"M.B.PATIL","INC","AEKR12186",62061
"32",30,"BASANAGOUD .R. PATIL (YATNAL)","BJP","AEKE925",76308,"MAKBUL S BAGAWAN","INC","AEKR14472",48615
"33",31,"DEVANAND FULASING CHAVAN","JD(S)","AEKE941",59709,"RAJU ALAGUR","INC","AEKR14502",45570
"34",32,"YASHVANTHARAYGOUDA VITTALAGOUDA PATIL","INC","AEKE956",50401,"YASHAVANTARAYAGOUDA VITTALAGOUDA PATIL","INC","AEKR12224",58562
"35",33,"MANAGULI MALLAPPA CHANNAVEERAPPA","JD(S)","AEKE18034",70865,"BHUSANUR RAMESH BALAPPA","BJP","AEKR12235",37834
"36",34,"M Y PATIL","INC","AEKE987",71735,"MALIKAYYA VENKAYYA GUTTEDAR","INC","AEKR2616",38093
"37",35,"AJAY DHARAM SINGH","INC","AEKE1001",68508,"AJAY DHARAM SINGH","INC","AEKRXX44",67038
"38",36,"NARASIMHANAYAK (RAJUGOUDA)","BJP","AEKE1016",104426,"RAJA VENKATAPPA NAYAK","INC","GEKR23028",65033
"39",37,"SHARANABASAPPA GOUDA DARSHANAPUR","INC","AEKE1026",78642,"GURU PATIL SHIRAVAL","KJP","AEKR14579",54924
"40",38,"VENKATREDDY MUDNAL","BJP","AEKE18602",62227,"DR. MAALAKAREDDY","INC","AEKR2646",40434
"41",39,"NAGANGOUDA KANDKUR","JD(S)","AEKE1046",79627,"BABURAO CHINCHANASOOR","INC","AEKR4440",36051
"42",40,"PRIYANK KHARGE","INC","AEKE98",69700,"PRIYANK M. KHARGE","INC","AEKR14610",69379
"43",41,"RAJKUMAR PATIL","BJP","AEKE1070",80668,"DR SHARANPRAKASH PATIL","INC","AEKR10337",53546
"44",42,"DR. UMESH G JADHAV","INC","AEKE1082",73905,"DR UMESH G JADAV","INC","AEKR14632",58599
"45",43,"BASAWARAJ MATTIMUD","BJP","AEKE18635",61750,"G.RAMKRISHNA","INC","AEKR14644",40075
"46",44,"DATTATRAYA C PATIL REVOOR APPU GOUDA","BJP","AEKE1109",64788,"DATTATRAYA C. PATIL REVOOR (APPU GOUDA)","BJP","AEKR14668",36850
"47",45,"KANEEZ FATIMA","INC","AEKE1134",64311,"QAMAR UL ISLAM","INC","AEKR1224",50498
"48",46,"GUTTEDAR SUBHASH RUKMAYYA","BJP","AEKE1149",76815,"B.R. PATIL","KJP","AEKR12367",67085
"49",47,"B. NARAYANRAO","INC","AEKE1162",61425,"MALLIKARJUN SIDRAMAPPA KHUBA","JD(S)","AEKR10260",37494
"50",48,"RAJSHEKHAR","INC","AEKE19327",74945,"RAJASHEKHAR BASAVARAJ PATIL","INC","AEKR12377",64694
"51",49,"BANDEPPA","JD(S)","AEKE1191",55107,"ASHOK KHENY","KMP","AEKR14744",47763
"52",50,"RAHIM KHAN","INC","AEKE32",73270,"GURUPADAPPA NAGAMARPALLI","KJP","AEKR2531",50718
"53",51,"ESHWAR KHANDRE","INC","AEKE1228",84673,"ESHWARA KHANDRE","INC","AEKR10217",58012
"54",52,"PRABHU CHAUHAN","BJP","AEKE1240",75061,"PRABHU B. CHAVAN","BJP","AEKR12429",61826
"55",53,"BASANAGOUDA DADDAL","INC","AEKE3929",66656,"THIPPARAJU","BJP","AEKR14816",50497
"56",54,"DR. SHIVARAJ PATIL","BJP","AEKE1265",56511,"DR. SHIVARAJ PATIL S.","JD(S)","AEKR14822",45263
"57",55,"RAJA VENKATAPPA NAYAK","JD(S)","AEKE1287",53548,"G.HAMPAYYA SAHUKAR BALLATAGI","INC","AEKR12454",50619
"58",56,"SHIVANA GOUDA NAYAK","BJP","AEKE42",67003,"A. VENKATESH NAIK","INC","AEKR12466",62070
"59",57,"D. S. HOOLAGERI","INC","AEKE18721",54230,"MANAPPA D.VAJJAL","JD(S)","AEKR12477",31737
"60",58,"VENKATRAO NADAGOUDA","JD(S)","AEKE1317",71514,"BADARLI HAMPANAGOUDA","INC","AEKR12491",49213
"61",59,"PRATAPGOUDA PATIL","INC","AEKE1329",60387,"PRATAPGOWDA PATIL","INC","AEKR12495",45552
"62",60,"AMAREGOUDA LINGANAGOUDA PATIL BAYYAPUR","INC","AEKE1340",87567,"DODDANAGOUDA HANAMAGOUDA PATIL","BJP","AEKR10421",44007
"63",61,"BASAVARAJ DADESUGUR","BJP","AEKE1354",87735,"SHIVARAJ SANGAPPA TANGADAGI","INC","AEKR12509",49451
"64",62,"PARANNA ESHWARAPPA MUNAVALLI","BJP","AEKE1369",67617,"IQBAL ANSARI","JD(S)","AEKR10445",60303
"65",63,"ACHAR HALAPPA BASAPPA","BJP","AEKE1378",79072,"BASAVARAJ RAYARADDY","INC","GEKR54606",52388
"66",64,"K. RAGHAVENDRA BASAVARAJ HITNAL","INC","AEKE1389",98783,"K.RAGHAVENDRA BASAVARAJ HITNAL","INC","AEKR9064",81062
"67",65,"RAMAPPA SOBEPPA LAMANI","BJP","AEKE1398",91967,"DODDAMANI RAMAKRISHNA SHIDDLINGAPPA","INC","AEKRX2X5",44738
"68",66,"HANAMANTAGOUDA KRISHNAGOUDA PATIL","INC","AEKE1409",77699,"H K PATIL","INC","AEKR997",70475
"69",67,"KALAKAPPA BANDI","BJP","AEKE1422",83735,"GURUPADAGOUDA SANGANAGOUDA PATIL","INC","AEKR8478",74593
"70",68,"CHANDRAKANTAGOUDA CHANNAPPAGOUDA PATIL","BJP","AEKE1434",73045,"B R YAVAGAL","INC","GEKR44604",59620
"71",69,"SHANKAR B. PATIL MUNENAKOPPA","BJP","AEKE1445",65718,"N.H.KONARADDI","JD(S)","AEKR11668",44448
"72",70,"CHANNABASAPPA SATHYAPPA SHIVALLI","INC","AEKE1460",64871,"CHANNABASAPPA SATYAPPA SHIVALLI","INC","AEKR9938",52690
"73",71,"AMRUT AYYAPPA DESAI","BJP","AEKE1472",85123,"VINAY KULKARNI","INC","AEKR12618",53453
"74",72,"ABBAYYA PRASAD","INC","AEKE1484",76510,"ABBAYYA PRASAD","INC","AEKR15041",42353
"75",73,"JAGADISH SHETTAR","BJP","AEKE1493",55830,"JAGADISH SHETTAR","BJP","AEKR8314",58201
"76",74,"ARVIND BELLAD","BJP","AEKE1512",96462,"ARAVIND CHANDRAKANT BELLAD","BJP","AEKR15082",42003
"77",75,"C M NIMBANNAVAR","BJP","AEKE18111",83267,"SANTHOSH S LAD","INC","AEKR12668",76802
"78",76,"DESHPANDE R.V","INC","AEKE1538",61577,"DESHPANDE. R. V.","INC","AEKR3727",55005
"79",77,"ROOPALI SANTOSH NAIK","BJP","AEKE18505",60339,"SANTEESH SAIL KRISHNA","IND","AEKR15108",80727
"80",78,"DINAKAR KESHAV SHETTY","BJP","AEKE1566",59392,"SHARDA MOHAN SHETTY","INC","AEKR15124",36756
"81",79,"SUNIL BILIYA NAIK","BJP","AEKE18518",83172,"MANKALA SUBBA VAIDYA","IND","AEKR15129",37319
"82",80,"KAGERI VISHWESHWAR HEGDE","BJP","AEKE1585",70595,"ANANT KAGERI VISHWESHWAR HEGDE","BJP","AEKR15142",42854
"83",81,"ARABAIL HEBBAR SHIVARAM","INC","AEKE1593",66290,"ARBAIL SHIVARAM HEBBAR","INC","AEKR12714",58025
"84",82,"C M UDASI","BJP","AEKE1607",80529,"MANOHAR H. TAHASHILDAR","INC","AEKR2260",66324
"85",83,"BASAVARAJ BOMMAI","BJP","AEKE1613",83868,"BASAVARAJ BOMMAI","BJP","AEKR8325",73007
"86",84,"NEHARU OLEKAR","BJP","AEKE1625",86565,"RUDRAPPA MANAPPA LAMANI","INC","AEKR8425",83119
"87",85,"BALLARY VIRUPAKSHAPPA RUDRAPPA","BJP","AEKE1636",91721,"BASAVARAJ NEELAPPA SHIVANNANAVAR","INC","AEKR12768",57707
"88",86,"BASAVANAGOUDA PATIL","INC","GEKE18161",72461,"U. B. BANAKAR","KJP","AEKR8398",52623
"89",87,"R SHANKAR S/O M RAMACHANDRA","KPJP","AEKE18174",63910,"KOLIWAD K.B","INC","AEKR977",53780
"90",88,"P. T. PARAMESHWARA NAIK","INC","AEKE1677",54097,"P.T.PARAMESHWARANAIK","INC","AEKR12793",59336
"91",89,"BHEEMA NAIK L.B.P.","INC","AEKE1687",78337,"BHEEMANAIK LBP","JD(S)","AEKR15252",51972
"92",90,"ANAND SINGH","INC","AEKE1701",83214,"ANAND SINGH","BJP","AEKR12811",69995
"93",91,"J N GANESH","INC","AEKE1722",80592,"T.H. SURESH BABU","BSRCP","AEKR12822",70858
"94",92,"M.S. SOMALINGAPPA","BJP","AEKE1732",82546,"B.M. NAGARAJA","INC","AEKR15293",65490
"95",93,"B NAGENDRA","INC","AEKE18823",79186,"B. SREERAMULU","BSRCP","AEKR9079",74854
"96",94,"G. SOMASEKHARA REDDY","BJP","AEKE18832",76589,"ANIL LAD","INC","AEKR12867",52098
"97",95,"E TUKARAM","INC","AEKE1781",78106,"E.TUKARAM","INC","AEKR12868",62246
"98",96,"N.Y. GOPALAKRISHNA","BJP","AEKE46",50085,"B. NAGENDRA","IND","AEKR12874",71477
"99",97,"B. SREERAMULU","BJP","AEKE147",84018,"S. THIPPESWAMY","BSRCP","AEKR12894",76827
"100",98,"T RAGHUMURTHY","INC","AEKE1817",72874,"T RAGHUMURTHY","INC","AEKR15373",60197
"101",99,"G H THIPPAREDDY","BJP","AEKE1827",82896,"G.H.THIPPAREDDY","BJP","AEKR6811",62228
"102",100,"K POORNIMA","BJP","AEKE18206",77733,"D.SUDHAKAR","INC","AEKR10595",71661
"103",101,"GULIHATTI D SHEKAR","BJP","GEKE18218",90562,"B.G. GOVINDAPPA","INC","AEKR12930",58010
"104",102,"M. CHANDRAPPA","BJP","AEKE1872",107976,"H. ANJANEYA","INC","AEKR6804",76856
"105",103,"S.V.RAMACHANDRA","BJP","AEKE155",78948,"H.P.RAJESH","INC","AEKR12950",77805
"106",104,"G KARUNAKARA REDDY","BJP","GEKE18256",67603,"M P RAVINDRA","INC","AEKR15459",56954
"107",105,"S RAMAPPA","INC","AEKE1914",64801,"H.S. SHIVASHANKAR","JD(S)","AEKR15473",59666
"108",106,"S.A. RAVINDRANATH","BJP","AEKE1929",76540,"S S MALLIKARJUNA","INC","GEKR4856",88101
"109",107,"SHAMANUR SHIVASHANKARAPPA","INC","AEKE1947",71369,"SHAMANUR SHIVASHANKARAPPA","INC","AEKR12990",66320
"110",108,"N. LINGANNA.","BJP","AEKE18296",50556,"K.SHIVAMURTHY","INC","AEKR1367",32435
"111",109,"K MADALU VIRUPAKSHAPPA","BJP","AEKE1983",73794,"VADNAL RAJANNA","INC","AEKR8123",53355
"112",110,"M P RENUKACHARYA","BJP","AEKE1995",80624,"D. G SHANTANA GOWDA","INC","AEKR9840",78789
"113",111,"K.B. ASHOK NAIK","BJP","AEKE18321",69326,"SHARADA POORYANAIK","JD(S)","AEKR13031",48639
"114",112,"B.K.SANGAMESHWARA.","INC","AEKE2020",75722,"APPAJI. M.J","JD(S)","AEKR5826",78370
"115",113,"K.S. ESHWARAPPA","BJP","AEKE2038",104027,"K.B. PRASANNAKUMAR","INC","AEKR15605",39355
"116",114,"ARAGA JNANENDRA","BJP","AEKE2052",67527,"KIMMANE RATNAKAR","INC","AEKR9856",37160
"117",115,"B S YADIYURAPPA","BJP","AEKE2060",86983,"B.S.YADIYURAPPA","KJP","AEKR2174",69126
"118",116,"S.KUMARA BANGARAPPA","BJP","AEKE435",72091,"S.MADHU BANGARAPPA","JD(S)","AEKR11466",58541
"119",117,"H HALAPPA HARATHALU","BJP","AEKE18376",78475,"KAGODU THIMMAPPA","INC","AEKR891",71960
"120",118,"B. M. SUKUMAR SHETTY","BJP","AEKE2093",96029,"K.GOPALA POOJARY","INC","AEKR8045",82277
"121",119,"HALADY SRINIVAS SHETTY","BJP","AEKE2105",103434,"HALADY SRINIVASA SHETTY","IND","AEKR13101",80563
"122",120,"K RAGHUPATHI BHAT","BJP","AEKE4453",84946,"PRAMOD MADHWARAJ","INC","AEKR11350",86868
"123",121,"LALAJI .R. MENDON","BJP","AEKE2119",75893,"VINAY KUMAR SORAKE","INC","AEKR15685",52782
"124",122,"V. SUNIL KUMAR","BJP","AEKE2129",91245,"V.SUNILL KUMAR","BJP","AEKR11368",65039
"125",123,"T D RAJEGOWDA","INC","AEKE2139",62780,"D.N. JEEVARAJ","BJP","AEKR8066",58402
"126",124,"M.P.KUMARASWAMY","BJP","AEKE2148",58783,"B.B. NINGAIAH","JD(S)","AEKR3607",32417
"127",125,"C T RAVI","BJP","AEKE2154",70863,"C T RAVI","BJP","AEKR9797",58683
"128",126,"D S SURESH","BJP","AEKE2170",44940,"G.H SRINIVASA","INC","AEKR15744",35817
"129",127,"K S PRAKASH","BJP","AEKE2185",62232,"Y.S.V.DATTA","JD(S)","AEKR13159",68733
"130",128,"J.C. MADHU SWAMY","BJP","AEKE348",69612,"C.B.SURESHBABU","JD(S)","AEKRBP186",60759
"131",129,"B.C. NAGESH","BJP","AEKE2203",61383,"K.SHADAKSHARI","INC","AEKR9264",56817
"132",130,"JAYARAM A S","BJP","AEKE2213",60710,"M.T.KRISHNAPPA","JD(S)","AEKR6999",66089
"133",131,"DR H.D. RANGANATH","INC","AEKE18898",58697,"D. NAGARAJAIAH","JD(S)","AEKR2896",44575
"134",132,"G.B. JYOTHI GANESH","BJP","AEKE2234",60421,"DR. RAFEEQ AHMED S.","INC","AEKR13190",43681
"135",133,"D C GOWRISHANKAR","JD(S)","AEKE2248",82740,"B.SURESH GOWDA","BJP","AEKR13209",55029
"136",134,"DR. G. PARAMESHWARA","INC","AEKE2263",81598,"SUDHAKARA LAL .P.R","JD(S)","AEKR15831",72229
"137",135,"S R SRINIVAS (VASU)","JD(S)","AEKE18935",55572,"S R SHRINIVAS (VASU)","JD(S)","AEKR13219",58783
"138",136,"B SATHYANARAYANA","JD(S)","AEKE2290",74338,"T B JAYACHANDRA","INC","AEKR235",74089
"139",137,"VENKATARAMANAPPA","INC","AEKE4549",72974,"K.M.THIMMARAYAPPA","JD(S)","AEKR10626",68686
"140",138,"M.V. VEERABHADRAIAH","JD(S)","AEKE2316",88521,"KYATASANDRA N.RAJANNA","INC","AEKR10649",75086
"141",139,"N.H.SHIVASHANKARA REDDY","INC","AEKE2337",69000,"N H SHIVASHANKARA REDDY","INC","AEKR13272",50131
"142",140,"S.N. SUBBAREDDY(CHINNAKAYALAPALLI)","INC","AEKE2359",65710,"S.N SUBBAREDDY(CHINNAKAYAL APALLI)","IND","AEKR15917",66227
"143",141,"DR. K. SUDHAKAR","INC","AEKE2380",82006,"DR. K SUDHAKAR","INC","AEKR15951",74914
"144",142,"V. MUNIYAPPA","INC","GEKE18464",76240,"M. RAJANNA","JD(S)","AEKR13298",77931
"145",143,"J K KRISHNA REDDY","JD(S)","AEKE2405",87753,"J.K.KRISHNAREDDY","JD(S)","AEKR15974",68950
"146",144,"K R RAMESH KUMAR","INC","AEKE2420",93571,"K.R.RAMESHKUMAR","INC","AEKR323",83426
"147",145,"H.NAGESH","IND","AEKE19445",74068,"G.MANJUNATHA","IND","AEKR16009",73146
"148",146,"ROOPAKALA.M","INC","AEKE19474",71151,"RAMAKKA .Y","BJP","AEKR16026",55014
"149",147,"S.N.NARAYANASWAMY K.M","INC","AEKE2474",70871,"S.N.NARAYANASWAMY.K.M","INC","AEKR16047",71570
"150",148,"K.SRINIVASA GOWDA","JD(S)","AEKE2489",82788,"R. VATHUR PRAKASH","IND","AEKR13391",62957
"151",149,"K.Y. NANJEGOWDA","INC","AEKE19513",75677,"K.S. MANJUNATHGOWDA","JD(S)","AEKR16077",57645
"152",150,"S.R.VISHWANATH","BJP","AEKE2520",120110,"S.R. VISHWANATH","BJP","AEKR13407",75507
"153",151,"B.A.BASAVARAJA","INC","AEKE2536",105019,"B.A.BASAVARAJA","INC","AEKR16114",106299
"154",152,"KRISHNA BYREGOWDA","INC","GEKE17302",114964,"KRISHNA BYRE GOWDA","INC","GEKR5271",96125
"155",153,"S.T SOMASHEKHAR","INC","AEKE2577",115273,"S.T.SOMASHEKAR","INC","AEKR10936",120380
"156",155,"R.MANJUNATHA","JD(S)","AEKE17352",94044,"S MUNIRAJU","BJP","AEKR13463",57562
"157",156,"K. GOPALAIAH","JD(S)","AEKE2631",88218,"GOPALAIAH .K.","JD(S)","AEKR13468",66127
"158",157,"DR. ASHWATH NARAYAN.C.N.","BJP","AEKE2645",83130,"DR. ASHWATH NARAYAN C. N.","BJP","AEKR13479",57609
"159",158,"SURESH B S","INC","AEKE17385",74453,"R. JAGADEESH KUMAR","BJP","AEKR16227",38162
"160",159,"R. AKHANDA SRINIVASAMURTHY","INC","AEKE2684",97574,"AKHANDA SRINIVAS MURTHY.R","JD(S)","AEKR16257",48995
"161",160,"K.J GEORGE","INC","AEKE2697",109955,"K.J. GEORGE","INC","AEKR1709",69673
"162",161,"S. RAGHU","BJP","AEKE2711",58887,"S. RAGHU","BJP","AEKR13527",53364
"163",162,"R ROSHAN BAIG","INC","AEKE2722",59742,"R.ROSHAN BAIG","INC","AEKR9443",49649
"164",163,"N A HARIS","INC","AEKE2741",60009,"N.A.HARIS","INC","AEKR13542",54342
"165",164,"DINESH GUNDU RAO","INC","AEKE2756",47354,"DINESH GUNDU RAO","INC","AEKR13559",54968
"166",165,"S SURESH KUMAR","BJP","AEKE2770",56271,"S.SURESH KUMAR","BJP","AEKR13589",39291
"167",166,"V SOMANNA","BJP","GEKE17492",79135,"PRIYAKRISHNA","INC","AEKR16368",72654
"168",167,"M. KRISHNAPPA","INC","AEKE2804",73353,"M.KRISHNAPPA","INC","AEKRX191",76891
"169",168,"B.Z. ZAMEER AHMED KHAN","INC","GEKE252",65339,"B.Z.ZAMEER AHMED KHAN","JD(S)","GEKR5233",56339
"170",169,"UDAY B.GARUDACHAR","BJP","AEKE2847",57312,"R.V. DEVRAJ","INC","AEKR5079",44714
"171",170,"RAVISUBRAMANYA.L.A","BJP","AEKE2862",76018,"RAVI SUBRAMANYA.L.A.","BJP","AEKR13640",43876
"172",171,"R ASHOKA","BJP","AEKE397",77868,"R ASHOKA","BJP","AEKR13661",53680
"173",172,"RAMALINGA REDDY","INC","AEKE2894",67085,"RAMALINGAREDDY","INC","AEKRX189",69712
"174",174,"ARAVIND LIMBAVALI","BJP","AEKE2921",141682,"ARVIND LIMBAVALI","BJP","AEKR13701",110244
"175",175,"SATHISH REDDY M","BJP","AEKE2931",111863,"SATHISH REDDY.M","BJP","AEKRX223",86552
"176",176,"M KRISHNAPPA","BJP","GEKE2941",65600,"M. KRISHNAPPA","BJP","GEKRX191",102207
"177",177,"B.SHIVANNA","INC","TEKE2955",113894,"SHIVANNA B.","INC","AEKR11027",105464
"178",178,"N NAGARAJU (M.T.B)","INC","AEKE2970",98824,"M.T.B. NAGARAJ","INC","AEKR11020",85238
"179",179,"NARAYANASWAMY L N","JD(S)","TEKE17682",86966,"PILLA MUNISHAMAPPA","JD(S)","AEKR16550",70323
"180",180,"T VENKATARAMANAIAH","INC","AEKE2986",73225,"T.VENKATARAMANAIAH (APPAKARANAHALLI T.VENKATESH)","INC","AEKR16566",38877
"181",181,"DR. K .SREENIVASAMURTHY","JD(S)","AEKE2994",69277,"DR K SRINIVASAMURTHY","JD(S)","AEKR13768",60492
"182",182,"A. MANJUNATH","JD(S)","AEKE3011",119492,"H.C.BALAKRISHNA","JD(S)","AEKR9501",74821
"183",183,"H.D.KUMARASWAMY","JD(S)","GEKE3026",92626,"H D KUMARA SWAMY","JD(S)","GEKR5145",83447
"184",184,"D K SHIVAKUMAR","INC","AEKE3038",127552,"D.K. SHIVAKUMAR","INC","AEKR13811",100007
"185",185,"H D KUMARA SWAMY","JD(S)","GEKE3026",87995,"C P YOGESHWARA","SP","GEKR5148",80099
"186",186,"DR.K.ANNADANI","JD(S)","AEKE3065",103038,"P.M.NARENDRA SWAMY","INC","AEKR9547",61869
"187",187,"D.C.THAMMANNA","JD(S)","AEKE3078",109239,"D.C.THAMMANNA","JD(S)","AEKR9540",80926
"188",188,"C S PUTTARAJU","JD(S)","AEKE11",96003,"K.S.PUTTANNAIAH","SKP","AEKR13843",80041
"189",189,"M SRINIVAS","JD(S)","AEKE421",69421,"M.H. AMBAREESH","INC","GEKR65368",90329
"190",190,"RAVINDRA SRIKANTAIAH","JD(S)","AEKE3120",101307,"A.B. RAMESHA BANDISIDDEGOWDA","JD(S)","AEKR13862",55204
"191",191,"SURESH GOWDAA","JD(S)","AEKE3131",112396,"N.CHALUVARAYASWAMY (SWAMY GOWDA)","JD(S)","GEKR5048",89203
"192",192,"NARAYANAGOWDA","JD(S)","AEKE3142",88016,"NARAYANAGOWDA","JD(S)","AEKRX2X14",56784
"193",193,"C N BALAKRISHNA","JD(S)","AEKE3150",105516,"C.N.BALAKRISHNA","JD(S)","AEKR16733",87185
"194",194,"K.M SHIVALINGE GOWDA","JD(S)","AEKE3161",93986,"K.M.SHIVALINGE GOWDA","JD(S)","AEKR13898",76579
"195",195,"LINGESHA. K.S.","JD(S)","AEKE19102",64268,"Y.N RUDRESHA GOWDA","INC","AEKR13902",48802
"196",196,"PREETHAM J GOWDA","BJP","AEKE19108",63348,"H.S.PRAKASH","JD(S)","AEKR7937",61306
"197",197,"H D REVANNA","JD(S)","AEKE3197",108541,"H.D REVANNA","JD(S)","AEKR7923",92713
"198",198,"A. T. RAMASWAMY","JD(S)","AEKE3208",85064,"MANJU A","INC","AEKR5649",61369
"199",199,"H K KUMARASWAMY","JD(S)","AEKE3220",62262,"KUMARASWAMY H.K.","JD(S)","AEKR3460",63602
"200",200,"HARISH POONJA","BJP","AEKE18533",98417,"K. VASANTHA BANGERA","INC","AEKR2052",74530
"201",201,"UMANATHA. A. KOTIAN","BJP","AEKE3239",87444,"K ABHAYACHANDRA","INC","AEKR9781",53180
"202",202,"DR.BHARATH SHETTY. Y","BJP","AEKE18541",98648,"B.A.MOHIUDDIN BAVA","INC","AEKR13952",69897
"203",203,"D. VEDAVYASA KAMATH","BJP","AEKE18546",86545,"J.R.LOBO","INC","AEKR16835",67829
"204",204,"U.T.ABDUL KHADER","INC","AEKE3266",80813,"U T KHADER","INC","AEKR13962",69450
"205",205,"RAJESH NAIK U.","BJP","AEKE3282",97802,"B.RAMANATHA RAI","INC","AEKR13972",81665
"206",206,"SANJEEVA MATANDOOR","BJP","AEKE3288",90073,"SHAKUNTALA T SHETTY","INC","AEKR7980",66345
"207",207,"ANGARA.S","BJP","AEKE3293",95205,"ANGARA. S","BJP","AEKR5671",65913
"208",208,"APPACHU RANJAN M P","BJP","AEKE3302",70631,"APPACHU (RANJAN) M.P","BJP","AEKR16882",56696
"209",209,"K G BOPAIAH","BJP","AEKE3316",77944,"K.G.BOPAIAH","BJP","AEKR9680",67250
"210",210,"K. MAHADEVA","JD(S)","AEKE3326",77770,"K.VENKATESH","INC","AEKRX38",62045
"211",211,"SA. RA. MAHESH","JD(S)","AEKE3333",85011,"SA.RA.MAHESH","JD(S)","AEKR11203",81457
"212",212,"ADAGURU H VISHWANATH","JD(S)","AEKE19163",91667,"H.P.MANJUNATH","INC","AEKR14022",83930
"213",213,"ANIL KUMAR C","INC","AEKE19177",76652,"CHIKKAMADU S","JD(S)","AEKR16939",48606
"214",214,"B. HARSHAVARDHAN","BJP","AEKE19183",78030,"V.SRINIVASA PRASAD","INC","GEKR24196",50784
"215",215,"G.T.DEVEGOWDA","JD(S)","AEKE3374",121325,"G.T. DEVE GOWDA","JD(S)","AEKR16956",75864
"216",216,"S A RAMADAS","BJP","AEKE3387",78573,"M.K.SOMASHEKAR","INC","AEKR9605",52611
"217",217,"L. NAGENDRA","BJP","AEKE3407",51683,"VASU","INC","AEKR9611",41930
"218",218,"TANVEER SAIT","INC","AEKE302",62268,"TANVEER SAIT","INC","AEKRBP324",38037
"219",219,"YATHINDRA S","INC","AEKE19246",96435,"SIDDARAMAIAH","INC","AEKRX2X8",84385
"220",220,"ASHVIN KUMAR.M","JD(S)","AEKE19267",83929,"DR. H.C. MAHADEVAPPA","INC","GEKR44508",53219
"221",221,"R NARENDRA","INC","AEKE3483",60444,"R.NARENDRA","INC","AEKR11099",55684
"222",222,"N. MAHESH","BSP","TEKE19291",71792,"S. JAYANNA","INC","AEKR7688",47402
"223",223,"C PUTTARANGASHETTY","INC","AEKE3505",75963,"C.PUTTARANGASHETTY","INC","AEKR14147",54440
"224",224,"C S NIRANJAN KUMAR","BJP","AEKE19310",94151,"H.S. MAHADEVA PRASAD","INC","AEKR3404",73723
